Workbook

Sheet Problems by Unit
A1: My Tutor — Problems by Unit, and where the quizzes fall
A2: Counts read directly from the app on 2026-08-24 (build mn): lessonscripts.LESSONS, drillpool.pool_for(), curriculum.units_for(). Quiz columns are the instruments rule 47 defines — they are generated live by the tutor, not drawn from these banks.
A4: Course | B4: Unit | C4: Unit name | D4: Lessons | E4: Lesson problems | F4: Worked examples | G4: Drill problems | H4: Total problems | I4: Lessons w/o drill | J4: Topic quizzes (5 Q ea.) | K4: Unit quiz (Q) | L4: Final exam (Q)
A5: Entry-Level Math | B5: 1 | C5: Counting & Number Sense | D5: 2 | E5: 20 | F5: 4 | G5: 5 | H5: =E5+F5+G5 -> 29 | I5: 1 | J5: =D5 -> 2 | K5: 10 | L5: 2
A6: Entry-Level Math | B6: 2 | C6: Addition to 20 | D6: 2 | E6: 24 | F6: 4 | G6: 98 | H6: =E6+F6+G6 -> 126 | I6: 0 | J6: =D6 -> 2 | K6: 10 | L6: 2
A7: Entry-Level Math | B7: 3 | C7: Subtraction to 20 | D7: 3 | E7: 34 | F7: 6 | G7: 35 | H7: =E7+F7+G7 -> 75 | I7: 2 | J7: =D7 -> 3 | K7: 10 | L7: 2
A8: Entry-Level Math | B8: 4 | C8: Place Value to 1,000 | D8: 1 | E8: 7 | F8: 2 | G8: 0 | H8: =E8+F8+G8 -> 9 | I8: 1 | J8: =D8 -> 1 | K8: 10 | L8: 2
A9: Entry-Level Math | B9: 5 | C9: Two- & Three-Digit Addition | D9: 2 | E9: 24 | F9: 4 | G9: 480 | H9: =E9+F9+G9 -> 508 | I9: 0 | J9: =D9 -> 2 | K9: 10 | L9: 2
A10: Entry-Level Math | B10: 6 | C10: Two- & Three-Digit Subtraction | D10: 1 | E10: 12 | F10: 2 | G10: 0 | H10: =E10+F10+G10 -> 14 | I10: 1 | J10: =D10 -> 1 | K10: 10 | L10: 2
A11: Entry-Level Math | B11: 7 | C11: Money — Coins, Bills & Making Change | D11: 1 | E11: 12 | F11: 2 | G11: 7 | H11: =E11+F11+G11 -> 21 | I11: 0 | J11: =D11 -> 1 | K11: 10 | L11: 2
A12: Entry-Level Math | B12: 8 | C12: Time, Calendar & Measurement | D12: 0 | E12: 0 | F12: 0 | G12: 0 | H12: =E12+F12+G12 -> 0 | I12: 0 | J12: =D12 -> 0 | K12: 0 | L12: 2
A13: Entry-Level Math | B13: 9 | C13: Shapes, Patterns & Groups | D13: 0 | E13: 0 | F13: 0 | G13: 0 | H13: =E13+F13+G13 -> 0 | I13: 0 | J13: =D13 -> 0 | K13: 0 | L13: 2
A14: Basic Math | B14: 1 | C14: Place Value & Whole-Number Operations | D14: 4 | E14: 40 | F14: 8 | G14: 783 | H14: =E14+F14+G14 -> 831 | I14: 0 | J14: =D14 -> 4 | K14: 10 | L14: 2
A15: Basic Math | B15: 2 | C15: Multiplication | D15: 3 | E15: 28 | F15: 6 | G15: 268 | H15: =E15+F15+G15 -> 302 | I15: 1 | J15: =D15 -> 3 | K15: 10 | L15: 2
A16: Basic Math | B16: 3 | C16: Division | D16: 4 | E16: 40 | F16: 8 | G16: 314 | H16: =E16+F16+G16 -> 362 | I16: 0 | J16: =D16 -> 4 | K16: 10 | L16: 2
... A94: Probability & Statistics | B94: 9 | C94: Sampling & Inference | D94: 4 | E94: 40 | F94: 8 | G94: 263 | H94: =E94+F94+G94 -> 311 | I94: 1 | J94: =D94 -> 4 | K94: 10 | L94: 2
A95: TOTAL — all courses | C95: =COUNTIF(B5:B94,">0")&" units" -> 90 units | D95: =SUM(D5:D94) -> 328 | E95: =SUM(E5:E94) -> 3291 | F95: =SUM(F5:F94) -> 656 | G95: =SUM(G5:G94) -> 24880 | H95: =SUM(H5:H94) -> 28827 | I95: =SUM(I5:I94) -> 53 | J95: =SUM(J5:J94) -> 328 | K95: =SUM(K5:K94) -> 880 | L95: =SUM(L5:L94) -> 180
A97: What each column means
A98: Lesson problems | C98: The scripted bank inside each lesson — every one authored and put through lessonscripts.validate().
A99: Worked examples | C99: The 'pairs' in each lesson: a problem Mr. Cadabra works aloud, then its twin for the student. Two per lesson.
A100: Drill problems | C100: Abrabot's extra-practice pool (drillpool.py) — unlimited repetition on the same idea, no model call and no voice cost.
A101: Lessons w/o drill | C101: Lessons the pool could not fill (53 of 328 course-wide). The /drill picker greys these out and says so.
A102: Topic quizzes | C102: FIVE questions on one topic, no hints. One per lesson-topic, so this column equals the lesson count.
A103: Unit quiz | C103: TEN questions spanning the whole unit. 90% or better = unit MASTERED (store.PASS_PCT). Ten is deliberate: on five questions there is no honest 90%.
A104: Final exam | C104: TWO questions per unit across the whole course (18 for a nine-unit course), unlocked only when every unit is mastered. 90% = Course Champion 🏅.
A105: Not in these counts | C105: Quiz and exam questions are composed live by the tutor for that student, so they have no fixed bank to count. The columns show how many questions each instrument asks.

Sheet Course Summary
A1: My Tutor — course totals
A3: Course | B3: Units | C3: Units with lessons | D3: Lessons | E3: Lesson problems | F3: Worked examples | G3: Drill problems | H3: Total problems | I3: Topic quizzes | J3: Unit quizzes | K3: Final exam (Q)
A4: Entry-Level Math | B4: =COUNTIF('Problems by Unit'!$A$5:$A$94,$A4) -> 9 | C4: =COUNTIFS('Problems by Unit'!$A$5:$A$94,$A4,'Problems by Unit'!$D$5:$D$94,">0") -> 7 | D4: =SUMIF('Problems by Unit'!$A$5:$A$94,$A4,'Problems by Unit'!$D$5:$D$94) -> 12 | E4: =SUMIF('Problems by Unit'!$A$5:$A$94,$A4,'Problems by Unit'!$E$5:$E$94) -> 133 | F4: =SUMIF('Problems by Unit'!$A$5:$A$94,$A4,'Problems by Unit'!$F$5:$F$94) -> 24 | G4: =SUMIF('Problems by Unit'!$A$5:$A$94,$A4,'Problems by Unit'!$G$5:$G$94) -> 625 | H4: =E4+F4+G4 -> 782 | I4: =SUMIF('Problems by Unit'!$A$5:$A$94,$A4,'Problems by Unit'!$J$5:$J$94) -> 12 | J4: =SUMIF('Problems by Unit'!$A$5:$A$94,$A4,'Problems by Unit'!$K$5:$K$94) -> 70 | K4: =SUMIF('Problems by Unit'!$A$5:$A$94,$A4,'Problems by Unit'!$L$5:$L$94) -> 18
A5: Basic Math | B5: =COUNTIF('Problems by Unit'!$A$5:$A$94,$A5) -> 9 | C5: =COUNTIFS('Problems by Unit'!$A$5:$A$94,$A5,'Problems by Unit'!$D$5:$D$94,">0") -> 9 | D5: =SUMIF('Problems by Unit'!$A$5:$A$94,$A5,'Problems by Unit'!$D$5:$D$94) -> 29 | E5: =SUMIF('Problems by Unit'!$A$5:$A$94,$A5,'Problems by Unit'!$E$5:$E$94) -> 288 | F5: =SUMIF('Problems by Unit'!$A$5:$A$94,$A5,'Problems by Unit'!$F$5:$F$94) -> 58 | G5: =SUMIF('Problems by Unit'!$A$5:$A$94,$A5,'Problems by Unit'!$G$5:$G$94) -> 2460 | H5: =E5+F5+G5 -> 2806 | I5: =SUMIF('Problems by Unit'!$A$5:$A$94,$A5,'Problems by Unit'!$J$5:$J$94) -> 29 | J5: =SUMIF('Problems by Unit'!$A$5:$A$94,$A5,'Problems by Unit'!$K$5:$K$94) -> 90 | K5: =SUMIF('Problems by Unit'!$A$5:$A$94,$A5,'Problems by Unit'!$L$5:$L$94) -> 18
A6: Pre-Algebra | B6: =COUNTIF('Problems by Unit'!$A$5:$A$94,$A6) -> 9 | C6: =COUNTIFS('Problems by Unit'!$A$5:$A$94,$A6,'Problems by Unit'!$D$5:$D$94,">0") -> 9 | D6: =SUMIF('Problems by Unit'!$A$5:$A$94,$A6,'Problems by Unit'!$D$5:$D$94) -> 35 | E6: =SUMIF('Problems by Unit'!$A$5:$A$94,$A6,'Problems by Unit'!$E$5:$E$94) -> 350 | F6: =SUMIF('Problems by Unit'!$A$5:$A$94,$A6,'Problems by Unit'!$F$5:$F$94) -> 70 | G6: =SUMIF('Problems by Unit'!$A$5:$A$94,$A6,'Problems by Unit'!$G$5:$G$94) -> 2913 | H6: =E6+F6+G6 -> 3333 | I6: =SUMIF('Problems by Unit'!$A$5:$A$94,$A6,'Problems by Unit'!$J$5:$J$94) -> 35 | J6: =SUMIF('Problems by Unit'!$A$5:$A$94,$A6,'Problems by Unit'!$K$5:$K$94) -> 90 | K6: =SUMIF('Problems by Unit'!$A$5:$A$94,$A6,'Problems by Unit'!$L$5:$L$94) -> 18
A7: Algebra I | B7: =COUNTIF('Problems by Unit'!$A$5:$A$94,$A7) -> 9 | C7: =COUNTIFS('Problems by Unit'!$A$5:$A$94,$A7,'Problems by Unit'!$D$5:$D$94,">0") -> 9 | D7: =SUMIF('Problems by Unit'!$A$5:$A$94,$A7,'Problems by Unit'!$D$5:$D$94) -> 36 | E7: =SUMIF('Problems by Unit'!$A$5:$A$94,$A7,'Problems by Unit'!$E$5:$E$94) -> 360 | F7: =SUMIF('Problems by Unit'!$A$5:$A$94,$A7,'Problems by Unit'!$F$5:$F$94) -> 72 | G7: =SUMIF('Problems by Unit'!$A$5:$A$94,$A7,'Problems by Unit'!$G$5:$G$94) -> 1780 | H7: =E7+F7+G7 -> 2212 | I7: =SUMIF('Problems by Unit'!$A$5:$A$94,$A7,'Problems by Unit'!$J$5:$J$94) -> 36 | J7: =SUMIF('Problems by Unit'!$A$5:$A$94,$A7,'Problems by Unit'!$K$5:$K$94) -> 90 | K7: =SUMIF('Problems by Unit'!$A$5:$A$94,$A7,'Problems by Unit'!$L$5:$L$94) -> 18
A8: Geometry | B8: =COUNTIF('Problems by Unit'!$A$5:$A$94,$A8) -> 9 | C8: =COUNTIFS('Problems by Unit'!$A$5:$A$94,$A8,'Problems by Unit'!$D$5:$D$94,">0") -> 9 | D8: =SUMIF('Problems by Unit'!$A$5:$A$94,$A8,'Problems by Unit'!$D$5:$D$94) -> 36 | E8: =SUMIF('Problems by Unit'!$A$5:$A$94,$A8,'Problems by Unit'!$E$5:$E$94) -> 360 | F8: =SUMIF('Problems by Unit'!$A$5:$A$94,$A8,'Problems by Unit'!$F$5:$F$94) -> 72 | G8: =SUMIF('Problems by Unit'!$A$5:$A$94,$A8,'Problems by Unit'!$G$5:$G$94) -> 1976 | H8: =E8+F8+G8 -> 2408 | I8: =SUMIF('Problems by Unit'!$A$5:$A$94,$A8,'Problems by Unit'!$J$5:$J$94) -> 36 | J8: =SUMIF('Problems by Unit'!$A$5:$A$94,$A8,'Problems by Unit'!$K$5:$K$94) -> 90 | K8: =SUMIF('Problems by Unit'!$A$5:$A$94,$A8,'Problems by Unit'!$L$5:$L$94) -> 18
A9: Algebra II | B9: =COUNTIF('Problems by Unit'!$A$5:$A$94,$A9) -> 9 | C9: =COUNTIFS('Problems by Unit'!$A$5:$A$94,$A9,'Problems by Unit'!$D$5:$D$94,">0") -> 9 | D9: =SUMIF('Problems by Unit'!$A$5:$A$94,$A9,'Problems by Unit'!$D$5:$D$94) -> 36 | E9: =SUMIF('Problems by Unit'!$A$5:$A$94,$A9,'Problems by Unit'!$E$5:$E$94) -> 360 | F9: =SUMIF('Problems by Unit'!$A$5:$A$94,$A9,'Problems by Unit'!$F$5:$F$94) -> 72 | G9: =SUMIF('Problems by Unit'!$A$5:$A$94,$A9,'Problems by Unit'!$G$5:$G$94) -> 1514 | H9: =E9+F9+G9 -> 1946 | I9: =SUMIF('Problems by Unit'!$A$5:$A$94,$A9,'Problems by Unit'!$J$5:$J$94) -> 36 | J9: =SUMIF('Problems by Unit'!$A$5:$A$94,$A9,'Problems by Unit'!$K$5:$K$94) -> 90 | K9: =SUMIF('Problems by Unit'!$A$5:$A$94,$A9,'Problems by Unit'!$L$5:$L$94) -> 18
A10: Trig / Pre-Calc | B10: =COUNTIF('Problems by Unit'!$A$5:$A$94,$A10) -> 9 | C10: =COUNTIFS('Problems by Unit'!$A$5:$A$94,$A10,'Problems by Unit'!$D$5:$D$94,">0") -> 9 | D10: =SUMIF('Problems by Unit'!$A$5:$A$94,$A10,'Problems by Unit'!$D$5:$D$94) -> 36 | E10: =SUMIF('Problems by Unit'!$A$5:$A$94,$A10,'Problems by Unit'!$E$5:$E$94) -> 360 | F10: =SUMIF('Problems by Unit'!$A$5:$A$94,$A10,'Problems by Unit'!$F$5:$F$94) -> 72 | G10: =SUMIF('Problems by Unit'!$A$5:$A$94,$A10,'Problems by Unit'!$G$5:$G$94) -> 1492 | H10: =E10+F10+G10 -> 1924 | I10: =SUMIF('Problems by Unit'!$A$5:$A$94,$A10,'Problems by Unit'!$J$5:$J$94) -> 36 | J10: =SUMIF('Problems by Unit'!$A$5:$A$94,$A10,'Problems by Unit'!$K$5:$K$94) -> 90 | K10: =SUMIF('Problems by Unit'!$A$5:$A$94,$A10,'Problems by Unit'!$L$5:$L$94) -> 18
A11: Calculus | B11: =COUNTIF('Problems by Unit'!$A$5:$A$94,$A11) -> 9 | C11: =COUNTIFS('Problems by Unit'!$A$5:$A$94,$A11,'Problems by Unit'!$D$5:$D$94,">0") -> 9 | D11: =SUMIF('Problems by Unit'!$A$5:$A$94,$A11,'Problems by Unit'!$D$5:$D$94) -> 36 | E11: =SUMIF('Problems by Unit'!$A$5:$A$94,$A11,'Problems by Unit'!$E$5:$E$94) -> 360 | F11: =SUMIF('Problems by Unit'!$A$5:$A$94,$A11,'Problems by Unit'!$F$5:$F$94) -> 72 | G11: =SUMIF('Problems by Unit'!$A$5:$A$94,$A11,'Problems by Unit'!$G$5:$G$94) -> 2777 | H11: =E11+F11+G11 -> 3209 | I11: =SUMIF('Problems by Unit'!$A$5:$A$94,$A11,'Problems by Unit'!$J$5:$J$94) -> 36 | J11: =SUMIF('Problems by Unit'!$A$5:$A$94,$A11,'Problems by Unit'!$K$5:$K$94) -> 90 | K11: =SUMIF('Problems by Unit'!$A$5:$A$94,$A11,'Problems by Unit'!$L$5:$L$94) -> 18
A12: Differential Equations | B12: =COUNTIF('Problems by Unit'!$A$5:$A$94,$A12) -> 9 | C12: =COUNTIFS('Problems by Unit'!$A$5:$A$94,$A12,'Problems by Unit'!$D$5:$D$94,">0") -> 9 | D12: =SUMIF('Problems by Unit'!$A$5:$A$94,$A12,'Problems by Unit'!$D$5:$D$94) -> 36 | E12: =SUMIF('Problems by Unit'!$A$5:$A$94,$A12,'Problems by Unit'!$E$5:$E$94) -> 360 | F12: =SUMIF('Problems by Unit'!$A$5:$A$94,$A12,'Problems by Unit'!$F$5:$F$94) -> 72 | G12: =SUMIF('Problems by Unit'!$A$5:$A$94,$A12,'Problems by Unit'!$G$5:$G$94) -> 5307 | H12: =E12+F12+G12 -> 5739 | I12: =SUMIF('Problems by Unit'!$A$5:$A$94,$A12,'Problems by Unit'!$J$5:$J$94) -> 36 | J12: =SUMIF('Problems by Unit'!$A$5:$A$94,$A12,'Problems by Unit'!$K$5:$K$94) -> 90 | K12: =SUMIF('Problems by Unit'!$A$5:$A$94,$A12,'Problems by Unit'!$L$5:$L$94) -> 18
A13: Probability & Statistics | B13: =COUNTIF('Problems by Unit'!$A$5:$A$94,$A13) -> 9 | C13: =COUNTIFS('Problems by Unit'!$A$5:$A$94,$A13,'Problems by Unit'!$D$5:$D$94,">0") -> 9 | D13: =SUMIF('Problems by Unit'!$A$5:$A$94,$A13,'Problems by Unit'!$D$5:$D$94) -> 36 | E13: =SUMIF('Problems by Unit'!$A$5:$A$94,$A13,'Problems by Unit'!$E$5:$E$94) -> 360 | F13: =SUMIF('Problems by Unit'!$A$5:$A$94,$A13,'Problems by Unit'!$F$5:$F$94) -> 72 | G13: =SUMIF('Problems by Unit'!$A$5:$A$94,$A13,'Problems by Unit'!$G$5:$G$94) -> 4036 | H13: =E13+F13+G13 -> 4468 | I13: =SUMIF('Problems by Unit'!$A$5:$A$94,$A13,'Problems by Unit'!$J$5:$J$94) -> 36 | J13: =SUMIF('Problems by Unit'!$A$5:$A$94,$A13,'Problems by Unit'!$K$5:$K$94) -> 90 | K13: =SUMIF('Problems by Unit'!$A$5:$A$94,$A13,'Problems by Unit'!$L$5:$L$94) -> 18
A14: TOTAL | B14: =SUM(B4:B13) -> 90 | C14: =SUM(C4:C13) -> 88 | D14: =SUM(D4:D13) -> 328 | E14: =SUM(E4:E13) -> 3291 | F14: =SUM(F4:F13) -> 656 | G14: =SUM(G4:G13) -> 24880 | H14: =SUM(H4:H13) -> 28827 | I14: =SUM(I4:I13) -> 328 | ... K14: =SUM(K4:K13) -> 180
A16: Note | B16: Entry-Level Math is the one course whose scripted lessons do not yet cover every unit: Units 8 (Time, Calendar & Measurement) and 9 (Shapes, Patterns & Groups) have no scripted lessons, and Units 4 and 6 have one apiece. Every other course runs four lessons in each of its nine units.

Sheet How Quizzing Works
A1: Where the quizzes fall
A3: Step | B3: Stage | C3: What happens | D3: Length | E3: Bar
A4: 1 | B4: Lesson | C4: Mr. Cadabra teaches the topic: teach beats, a worked example, then its twin for the student. | D4: — | E4: —
A5: 2 | B5: Practice | C5: The lesson's own bank. Abrabot's drill pool adds unlimited extra problems on the same idea, free. | D5: — | E5: —
A6: 3 | B6: Topic quiz | C6: FIVE questions on that one topic, no hints. Offered only after two unaided right answers (rule 47). | D6: 5 questions | E6: 80% to pass
A7: 4 | B7: Next topic | C7: Repeat 1–3 for each topic in the unit (four topics per unit in every course but Entry-Level). | D7: — | E7: —
A8: 5 | B8: UNIT QUIZ | C8: TEN questions spanning the whole unit — every topic in it, not just the last one. | D8: 10 questions | E8: 90% = MASTERED
A9: 6 | B9: Next unit | C9: Repeat until all nine units of the course are mastered. | D9: — | E9: —
A10: 7 | B10: FINAL EXAM | C10: Unlocked only when every unit is mastered. TWO questions per unit, in unit order, no hints. | D10: 18 questions | E10: 90% = Course Champion 🏅
A12: Important | B12: Quiz and exam questions are NOT drawn from the problem banks counted on the other sheets. Mr. Cadabra composes them live for that student, under rule 47: no cold quizzes (two unaided right answers first), the quiz asks only what was taught, a named angle is drawn on the board, and a question may never contain its own answer. The banks are for teaching and practice; the quizzes are the measurement.
